UserId,SampleNumber,hold_ ,"hold_,",hold_.,hold_/,hold_0,hold_3,hold_8,hold_:,hold_;,hold_=,hold_A,hold_AltGraph,hold_ArrowLeft,hold_ArrowRight,hold_B,hold_Backspace,hold_C,hold_CapsLock,hold_Control,hold_E,hold_Enter,hold_Insert,hold_K,hold_NumLock,hold_O,hold_P,hold_Q,hold_R,hold_S,hold_Shift,hold_T,hold_Unidentified,hold_W,hold_Y,hold_Z,hold_\,hold_],hold_a,hold_b,hold_c,hold_d,hold_e,hold_f,hold_g,hold_h,hold_i,hold_j,hold_k,hold_l,hold_m,hold_n,hold_o,hold_p,hold_q,hold_r,hold_s,hold_t,hold_u,hold_v,hold_w,hold_x,hold_y,hold_z,hold_à,hold_ó,hold_ą,hold_ć,hold_ę,hold_ł,hold_ń,hold_ś,hold_ź,hold_ż
,1,105.3363636190241,0.0,104.39999997615814,0.0,0.0,0.0,0.0,0.0,0.0,0.0,0.0,0.0,0.0,0.0,0.0,11.57000000476837,100.30000001192093,0.0,0.0,0.0,114.10000002384186,0.0,0.0,0.0,0.0,0.0,0.0,0.0,0.0,796.8000000119209,0.0,4.026101694268696,0.0,0.0,0.0,0.0,0.0,113.85000002384186,109.39999999602635,107.00000001192093,116.39999997615814,115.97142856461662,89.05000001192093,123.65000000596046,130.36666667461395,114.52222221427493,0.0,137.60000002384186,116.80000001192093,109.5,125.21666666865349,116.28999999761581,129.90000000596046,0.0,107.75714287587574,111.1454545530406,106.15714286054883,119.5,110.5,104.79999995231628,0.0,105.39999997615814,0.0,0.0,0.0,0.0,0.0,0.0,0.0,0.0,0.0,0.0,0.0
67,2,0.0,0.0,0.0,0.0,0.0,0.0,0.0,0.0,0.0,0.0,0.0,0.0,0.0,0.0,0.0,3.0666666626930237,0.0,0.0,0.0,0.0,0.0,0.0,0.0,0.0,0.0,0.0,0.0,0.0,0.0,0.0,0.0,3.1487804875141236,0.0,0.0,0.0,0.0,0.0,0.0,0.0,0.0,0.0,0.0,0.0,0.0,0.0,0.0,0.0,0.0,0.0,0.0,0.0,0.0,0.0,0.0,0.0,0.0,0.0,0.0,0.0,0.0,0.0,0.0,0.0,0.0,0.0,0.0,0.0,0.0,0.0,0.0,0.0,0.0,0.0
67,3,0.0,0.0,0.0,0.0,0.0,0.0,0.0,0.0,0.0,0.0,0.0,0.0,0.0,0.0,0.0,0.0,0.0,0.0,0.0,0.0,0.0,0.0,0.0,0.0,0.0,0.0,0.0,0.0,0.0,0.0,0.0,3.090338161026222,0.0,0.0,0.0,0.0,0.0,0.0,0.0,0.0,0.0,0.0,0.0,0.0,0.0,0.0,0.0,0.0,0.0,0.0,0.0,0.0,0.0,0.0,0.0,0.0,0.0,0.0,0.0,0.0,0.0,0.0,0.0,0.0,0.0,0.0,0.0,0.0,0.0,0.0,0.0,0.0,0.0
67,4,0.0,0.0,0.0,0.0,0.0,0.0,0.0,0.0,0.0,0.0,0.0,0.0,0.0,0.0,0.0,4.550000011920929,0.0,0.0,0.0,0.0,0.0,0.0,0.0,0.0,0.0,0.0,0.0,0.0,0.0,0.0,0.0,2.96582914596826,0.0,0.0,0.0,0.0,0.0,0.0,0.0,0.0,0.0,0.0,0.0,0.0,0.0,0.0,0.0,0.0,0.0,0.0,0.0,0.0,0.0,0.0,0.0,0.0,0.0,0.0,0.0,0.0,0.0,0.0,0.0,0.0,0.0,0.0,0.0,0.0,0.0,0.0,0.0,0.0,0.0
67,5,0.0,0.0,0.0,0.0,0.0,0.0,0.0,0.0,0.0,0.0,0.0,0.0,0.0,0.0,0.0,0.0,0.0,0.0,0.0,0.0,0.0,0.0,0.0,0.0,0.0,0.0,0.0,0.0,0.0,0.0,0.0,2.8751412431399026,0.0,0.0,0.0,0.0,0.0,0.0,0.0,0.0,0.0,0.0,0.0,0.0,0.0,0.0,0.0,0.0,0.0,0.0,0.0,0.0,0.0,0.0,0.0,0.0,0.0,0.0,0.0,0.0,0.0,0.0,0.0,0.0,0.0,0.0,0.0,0.0,0.0,0.0,0.0,0.0,0.0
Anita,1,97.16363636472009,0.0,0.0,0.0,0.0,0.0,0.0,0.0,0.0,0.0,0.0,0.0,0.0,0.0,0.0,88.40000000596046,87.69999998807907,105.80000001192093,0.0,0.0,0.0,0.0,0.0,0.0,0.0,0.0,0.0,0.0,0.0,0.0,0.0,0.0,0.0,0.0,0.0,0.0,65.89999997615814,107.11666665474574,64.13333332538605,113.50000001192093,106.40000003576279,113.42857141154153,65.69999998807907,72.0333333214124,73.43333335717519,68.38888888226614,0.0,106.40000003576279,71.09999997615814,44.19999998807907,68.39999997615814,73.27777777777777,75.5499999821186,0.0,97.18571428741727,99.22727273269133,73.05714285373688,63.5,86.19999998807907,87.59999996423721,0.0,69.57500000298023,0.0,0.0,0.0,0.0,0.0,0.0,0.0,0.0,0.0,0.0,0.0
Anita,2,84.93888888425298,66.39999997615814,87.0,0.0,0.0,0.0,0.0,0.0,0.0,65.39999997615814,0.0,412.22499999403954,0.0,0.0,0.0,85.06249998509884,0.0,105.87500001490116,412.99999998509884,0.0,0.0,0.0,0.0,0.0,0.0,89.59999996423721,0.0,0.0,102.0,0.0,0.0,0.0,0.0,0.0,0.0,204.69999998807907,0.0,105.33000000119209,70.73333330949147,83.80000001192093,71.36666667461395,85.64999999403953,73.94999998807907,64.7333333293597,63.40000003576279,85.53333333134651,64.20000004768372,83.28333334128062,65.2333333492279,65.0,79.1499999910593,103.05999997854232,65.40000003576279,64.0,105.31666664282481,74.92499999701977,81.62857144219535,65.25,66.09999996423721,86.63333332538605,0.0,71.36666667461395,90.07500000298023,0.0,0.0,64.0,66.59999996423721,0.0,0.0,63.39999997615814,85.10000002384186,63.60000002384186,65.69999998807907
Anita,3,74.28571428997176,64.80000001192093,0.0,0.0,0.0,0.0,0.0,0.0,0.0,0.0,0.0,241.87499998509884,0.0,0.0,0.0,58.29999998211861,0.0,104.7833333214124,241.7250000089407,85.89999997615814,0.0,0.0,85.0,0.0,0.0,0.0,84.19999998807907,65.60000002384186,0.0,0.0,41.89999997615814,0.0,88.30000001192093,63.60000002384186,0.0,0.0,0.0,82.48571428656578,151.0999999642372,67.40000003576279,76.09999999403954,82.23999999761581,0.0,0.0,0.0,74.33636364069852,65.44999998807907,55.09999998807907,66.0,64.10000002384186,91.04444442854987,73.07999999523163,79.06666664282481,0.0,64.56666664282481,92.75,64.36000000238418,65.13333330551784,0.0,92.2250000089407,0.0,74.90000000596046,106.37999999523163,0.0,0.0,63.60000002384186,61.59999996423721,0.0,0.0,0.0,0.0,0.0,0.0
Anita,4,69.55000000447035,0.0,0.0,0.0,0.0,0.0,0.0,0.0,0.0,0.0,0.0,0.0,0.0,0.0,0.0,0.0,0.0,105.35000002384186,0.0,0.0,0.0,0.0,0.0,0.0,0.0,0.0,0.0,0.0,0.0,0.0,84.80000001192093,0.0,0.0,0.0,0.0,0.0,0.0,93.49999997019768,85.5,76.52500000596046,96.39999997615814,99.94444445768993,74.125,89.09999996423721,63.650000005960464,81.125,0.0,0.0,74.5,116.0,87.875,82.55000000447035,105.90000003576279,0.0,101.09999999403954,102.92500001192093,68.45000000596046,64.20000000794728,66.5,64.29999995231628,0.0,64.06666666269302,0.0,0.0,0.0,0.0,0.0,0.0,0.0,0.0,0.0,0.0,0.0
Anita,5,76.3374999947846,65.55000001192093,61.95000001788139,0.0,0.0,0.0,0.0,0.0,0.0,0.0,0.0,229.6800000011921,0.0,0.0,0.0,86.19999997814496,0.0,111.80000001192093,229.59999999403954,0.0,0.0,0.0,0.0,0.0,0.0,104.70000004768372,0.0,0.0,0.0,0.0,0.0,0.0,0.0,0.0,0.0,109.39999997615814,0.0,108.13333332538605,84.93333335717519,85.39999997615814,63.30000001192093,81.3999999910593,0.0,86.39999997615814,66.10000002384186,73.29000000357628,0.0,91.20000000794728,63.799999952316284,65.55000001192093,107.89999997615814,87.09999999403954,79.03333334128062,0.0,73.2571428503309,76.55000001192093,55.7250000089407,84.16666664679845,0.0,70.87000001072883,0.0,55.1,104.74285714115415,0.0,0.0,81.60000002384186,88.79999995231628,0.0,0.0,0.0,0.0,0.0,0.0
Bartek,1,30.77777777777778,0.0,0.0,0.0,0.0,0.0,0.0,0.0,0.0,0.0,0.0,0.0,0.0,0.0,0.0,17.666666666666668,0.0,0.0,0.0,0.0,0.0,0.0,0.0,0.0,0.0,0.0,0.0,0.0,0.0,333.0,45.0,0.0,0.0,55.0,0.0,0.0,0.0,17.49999999999818,17.0,19.600000000001454,17.5,18.199999999997818,19.00000000000091,23.0,16.75,18.50000000000182,0.0,0.0,15.499999999996362,18.500000000003638,17.5,17.500000000000455,19.000000000003638,0.0,15.5,15.250000000001819,19.090909090911406,18.666666666666668,14.000000000007276,19.0,0.0,18.66666666666424,0.0,0.0,0.0,0.0,0.0,0.0,0.0,0.0,0.0,0.0,0.0
Bartek,2,31.92857142856935,27.0,20.0,0.0,0.0,0.0,0.0,0.0,0.0,0.0,0.0,0.0,0.0,0.0,0.0,21.33333333333657,0.0,0.0,0.0,0.0,0.0,0.0,0.0,0.0,0.0,23.0,0.0,0.0,61.0,0.0,0.0,0.0,0.0,0.0,0.0,0.0,0.0,16.0,18.5,15.500000000007276,15.249999999996362,17.124999999996362,16.000000000007276,15.5,10.0,14.25,20.000000000014552,12.249999999996362,16.25,16.5,14.499999999996362,19.000000000002427,8.000000000014552,18.0,18.57142857143065,18.5,16.799999999994178,15.0,17.0,18.666666666661815,0.0,17.500000000007276,19.999999999997573,0.0,0.0,0.0,0.0,27.0,0.0,25.000000000014552,0.0,27.0,0.0
Bartek,3,37.571428571426495,24.5,31.5,0.0,0.0,0.0,0.0,0.0,0.0,0.0,0.0,0.0,0.0,0.0,56.5,25.70588235294289,0.0,0.0,0.0,0.0,0.0,0.0,0.0,0.0,0.0,51.0,0.0,0.0,0.0,0.0,0.0,0.0,0.0,0.0,0.0,0.0,0.0,17.999999999990298,17.66666666668607,18.333333333343035,16.499999999985448,18.000000000014552,0.0,15.500000000014552,14.0,13.000000000005821,0.0,17.0,14.666666666666666,14.0,16.0,19.0,16.666666666666668,0.0,16.75,15.5,18.0,12.0,0.0,17.3333333333301,0.0,14.333333333333334,18.1428571428613,33.0,0.0,27.333333333333332,0.0,0.0,0.0,0.0,0.0,0.0,0.0
Bartek,4,26.941176470589948,18.0,15.999999999970896,0.0,0.0,0.0,0.0,0.0,0.0,0.0,53.0,0.0,0.0,0.0,0.0,19.769230769235246,0.0,0.0,0.0,0.0,0.0,0.0,0.0,0.0,0.0,0.0,0.0,0.0,0.0,0.0,0.0,0.0,0.0,0.0,0.0,0.0,0.0,18.750000000007276,17.0,19.799999999994178,21.999999999970896,17.909090909093553,14.000000000014552,16.999999999992724,18.000000000014552,17.57142857143273,17.0,17.999999999985448,17.60000000000582,16.999999999990298,15.874999999996362,18.000000000003638,15.0,21.5,16.5,13.333333333333334,17.833333333323633,13.0,15.5,17.0,16.999999999970896,18.5,17.000000000014552,0.0,0.0,0.0,0.0,0.0,0.0,0.0,0.0,0.0,0.0
Bartek,5,29.250000000007276,27.0,35.0,0.0,0.0,0.0,0.0,0.0,0.0,0.0,0.0,0.0,0.0,0.0,0.0,16.66666666666788,0.0,0.0,0.0,0.0,0.0,0.0,0.0,0.0,0.0,0.0,0.0,0.0,52.0,0.0,0.0,0.0,0.0,0.0,0.0,0.0,0.0,18.909090909085617,0.0,26.000000000029104,16.999999999985448,16.714285714289872,0.0,16.000000000029104,0.0,16.000000000009702,13.500000000029104,15.5,16.0,0.0,14.999999999995149,0.0,15.399999999982537,0.0,19.0,17.0,21.000000000009702,17.000000000009702,18.0,19.0,0.0,15.5,14.8,0.0,0.0,0.0,0.0,0.0,0.0,0.0,0.0,0.0,0.0
Dominik,1,81.33333339691163,73.04999995231628,75.55000019073486,0.0,0.0,0.0,0.0,0.0,0.0,0.0,0.0,168.79000000953675,0.0,0.0,0.0,59.699999968210854,0.0,0.0,168.8,0.0,99.0,0.0,0.0,0.0,0.0,93.09999990463257,0.0,0.0,0.0,744.5,0.0,0.0,0.0,0.0,0.0,0.0,0.0,98.95000004768372,81.46666669845581,64.73333326975505,69.59999990463257,103.20000004768372,0.0,59.80000019073486,81.90000009536743,70.79999997880724,0.0,75.5,61.40000009536743,68.40000009536743,65.7000002861023,70.7,76.33333349227905,0.0,84.8333334128062,72.10000006357829,74.86000003814698,72.43333339691162,0.0,90.80000009536744,0.0,73.0,83.58571434020996,0.0,0.0,0.0,0.0,0.0,0.0,0.0,0.0,0.0,0.0
Dominik,2,83.46000001430511,86.5,82.7000002861023,0.0,0.0,0.0,0.0,0.0,0.0,0.0,0.0,267.77000002861024,0.0,0.0,0.0,59.49523812248593,0.0,0.0,267.80999999046327,0.0,81.0,0.0,0.0,0.0,0.0,0.0,0.0,0.0,0.0,421.90000009536743,0.0,0.0,0.0,0.0,0.0,0.0,0.0,113.0363636450334,70.15000033378601,68.0,109.4333332379659,96.42727270993319,98.35000014305115,67.70000012715657,62.90000009536743,77.55000001192093,58.75000023841858,77.98750001192093,79.61999998092651,86.45000004768372,75.700000166893,67.86666647593181,90.09999990463257,86.09999990463257,105.34999998410542,84.350000222524,72.78181825984608,73.35000014305115,96.09999990463257,69.36666663487752,0.0,76.66666666666667,70.44000005722046,0.0,0.0,0.0,0.0,0.0,0.0,0.0,0.0,0.0,0.0
Dominik,3,86.26470588235294,61.75,65.89999961853027,0.0,0.0,0.0,0.0,76.19999980926514,0.0,0.0,0.0,148.57500004768372,0.0,0.0,0.0,60.92307688639714,0.0,0.0,148.57500004768372,0.0,82.80000019073486,0.0,0.0,0.0,0.0,0.0,0.0,0.0,0.0,362.73333326975506,0.0,0.0,0.0,0.0,82.2000002861023,0.0,0.0,109.89999989668529,70.94999980926514,66.59999990463257,106.62857137407575,82.61428567341396,0.0,61.97999992370605,0.0,79.67999982833862,79.85000014305115,76.26666641235352,79.7999997138977,98.66666666666667,67.43333339691162,75.92222213745117,62.19999980926514,0.0,85.80000007152557,82.27999992370606,85.14285700661796,84.0,0.0,90.69999980926514,0.0,74.83333333333333,90.57999992370605,0.0,0.0,0.0,0.0,0.0,0.0,0.0,0.0,0.0,0.0
Dominik,4,82.7866665840149,78.89999961853027,72.2000002861023,0.0,0.0,0.0,0.0,0.0,0.0,0.0,0.0,256.28333338101703,0.0,0.0,0.0,64.39999997615814,0.0,0.0,256.3333333333333,104.7000002861023,0.0,18.800000190734863,85.09999990463257,0.0,0.0,0.0,116.2999997138977,85.39999961853027,0.0,526.9000000953674,73.0,0.0,112.39999961853027,78.09999990463257,0.0,0.0,0.0,105.94285716329303,132.90000009536743,56.0,53.05000019073486,93.68000011444092,0.0,0.0,0.0,74.0199999332428,92.0,76.125,49.19999980926514,75.89999961853027,76.98749977350235,74.17999982833862,71.89999993642171,92.69999980926514,66.10000014305115,65.74999976158142,74.05999994277954,79.56666660308838,0.0,77.41999998092652,0.0,76.89999973773956,75.39999990463257,0.0,0.0,0.0,0.0,0.0,0.0,0.0,0.0,0.0,0.0
Dominik,5,82.39411769193761,0.0,49.10000038146973,0.0,0.0,0.0,0.0,0.0,0.0,0.0,107.89999961853027,0.0,0.0,0.0,0.0,62.433333237965904,0.0,0.0,0.0,0.0,0.0,0.0,0.0,0.0,0.0,0.0,0.0,0.0,0.0,324.19999980926514,0.0,0.0,0.0,0.0,0.0,0.0,0.0,112.76666688919067,64.44999980926514,58.95999994277954,80.24999976158142,87.10999999046325,72.35000014305115,48.49999984105428,54.199999968210854,76.28750002384186,79.0,73.40000009536743,67.2999997138977,80.53333330154419,67.91428579602923,75.04444445504083,82.09999990463257,110.74999976158142,136.00000023841858,78.96666653951009,82.70000012715657,71.33333333333333,71.54999995231628,93.2999997138977,73.80000019073486,48.733333110809326,127.19999980926514,0.0,0.0,0.0,0.0,0.0,0.0,0.0,0.0,0.0,0.0
Emilia_A,2,100.83529412395814,103.79999995231628,121.20000004768372,0.0,0.0,0.0,0.0,133.39999997615814,0.0,0.0,0.0,357.12500001490116,0.0,0.0,0.0,132.4500000178814,0.0,0.0,357.09999999403954,0.0,121.10000002384186,0.0,0.0,0.0,0.0,0.0,0.0,0.0,0.0,635.8500000238419,0.0,0.0,0.0,0.0,110.59999996423721,0.0,0.0,114.23333332439263,123.05000001192093,78.69999998807907,113.58333333333333,109.68571428741727,0.0,108.47499999403954,0.0,108.88888888226614,109.85000002384186,117.56666668256123,126.46666665871938,101.14999997615814,93.93333333730698,109.9333333240615,77.59999996423721,0.0,109.0,103.72499999403954,108.16000000238418,120.70000004768372,0.0,116.5,0.0,113.2999999821186,113.16000000238418,0.0,0.0,0.0,0.0,0.0,0.0,0.0,109.70000004768372,0.0,0.0
Emilia_A,3,99.00454545562917,105.0,113.34999999403954,0.0,0.0,0.0,0.0,0.0,0.0,0.0,0.0,500.62222223149405,0.0,0.0,0.0,116.34375,0.0,0.0,500.5888888835907,0.0,0.0,0.0,0.0,0.0,0.0,125.5,0.0,0.0,121.39999997615814,456.55000001192093,0.0,0.0,0.0,0.0,0.0,0.0,0.0,111.68181818181819,104.90000003576279,138.20000004768372,113.43333333730698,111.1555555595292,102.25000002980232,115.3500000089407,114.5,113.31428571258273,96.34999999403954,114.53333334128062,128.0333333015442,98.13333332538605,95.6000000089407,115.72499999403954,126.69999998807907,98.79999995231628,104.24999998509884,112.1000000089407,105.87777777512868,102.06666666269302,89.19999998807907,120.79999999205272,0.0,113.7333333492279,128.72499999403954,0.0,0.0,115.79999995231628,93.5,114.69999998807907,0.0,0.0,98.80000001192093,78.30000001192093,0.0
Emilia_A,4,98.6923076923077,109.30000001192093,138.39999997615814,0.0,0.0,0.0,0.0,0.0,0.0,0.0,0.0,472.36666667461395,0.0,0.0,0.0,115.84999997913837,0.0,0.0,472.33333335320157,0.0,0.0,0.0,0.0,0.0,0.0,0.0,0.0,0.0,104.5,485.60000002384186,0.0,0.0,0.0,0.0,0.0,0.0,0.0,118.90000000170299,0.0,107.90000000596046,123.25,113.49000000953674,0.0,104.55000001192093,0.0,117.56363636255264,105.79999999205272,103.65000000596046,113.86666665474574,109.19999998807907,105.70000000132455,112.2666666706403,162.52500000596046,0.0,127.55000001192093,110.32500000298023,108.13999999761582,121.2666666507721,0.0,114.03333334128062,0.0,111.29999999701977,128.2166666587194,0.0,0.0,103.75,110.80000001192093,0.0,0.0,0.0,126.69999998807907,0.0,0.0
Emilia_A,5,107.46666666666667,120.09999996423721,114.30000001192093,0.0,0.0,0.0,0.0,0.0,222.89999997615814,0.0,0.0,341.45555555158194,0.0,0.0,0.0,118.0499999821186,0.0,0.0,341.3999999894036,0.0,0.0,0.0,0.0,0.0,0.0,0.0,0.0,0.0,0.0,395.2999999523163,0.0,0.0,111.69999998807907,0.0,0.0,0.0,0.0,117.37777778175142,94.20000004768372,114.07499998807907,114.90000000596046,112.85999999046325,0.0,116.0,118.2000000178814,113.8571428656578,107.0,124.875,156.90000001589456,131.80000001192093,97.8,123.11111110448837,230.60000002384186,0.0,112.92499999701977,0.0,101.5,121.0,0.0,122.57500000298023,0.0,124.4750000089407,131.99999998807908,0.0,0.0,0.0,103.80000001192093,115.79999995231628,0.0,0.0,104.30000001192093,0.0,121.69999998807907
Grzes,1,121.16111111111887,0.0,0.0,0.0,0.0,0.0,0.0,0.0,0.0,0.0,0.0,0.0,0.0,0.0,0.0,78.74285714281723,0.0,119.05000000004657,0.0,0.0,0.0,0.0,0.0,0.0,0.0,0.0,0.0,0.0,0.0,728.4000000000233,0.0,0.0,0.0,104.0,0.0,0.0,0.0,0.0,94.84999999997672,109.625,103.14999999996508,143.8181818181818,105.97500000000582,96.0,98.02499999996508,126.54999999998836,0.0,0.0,95.64999999996508,115.94999999995343,108.58000000000466,130.28749999999127,112.09999999997672,0.0,127.4714285714186,150.57500000001164,106.58000000000466,127.6333333333411,111.90000000002328,144.0,0.0,109.23333333335661,0.0,0.0,0.0,0.0,0.0,0.0,0.0,0.0,0.0,0.0,0.0
HETER,1,112.23999999997517,83.8999999994412,59.44999999925494,0.0,0.0,0.0,0.0,0.0,0.0,0.0,0.0,204.88749999995343,0.0,0.0,0.0,78.57500000018626,0.0,0.0,204.58749999990687,0.0,0.0,0.0,0.0,0.0,0.0,87.39999999850988,0.0,0.0,0.0,286.80000000074506,0.0,0.0,0.0,0.0,0.0,0.0,0.0,92.59999999962747,117.73333333308499,120.33333333333333,128.13333333283663,103.14999999990687,0.0,74.65000000037253,72.0,84.30999999996274,0.0,106.5749999997206,98.79999999888241,72.3999999994412,62.70000000111759,91.98333333339542,98.7000000004967,0.0,111.34999999900658,106.04999999981374,87.19999999962747,96.63333333407839,0.0,112.75555555543139,0.0,81.27999999970197,106.11428571439215,0.0,0.0,0.0,0.0,0.0,0.0,0.0,0.0,0.0,0.0
HETER,2,99.73124999995343,0.0,65.0,0.0,0.0,0.0,0.0,0.0,0.0,0.0,0.0,0.0,0.0,0.0,0.0,85.07272727262567,0.0,0.0,0.0,0.0,65.20000000111759,0.0,0.0,0.0,0.0,0.0,0.0,0.0,0.0,279.5,0.0,0.0,0.0,0.0,0.0,0.0,0.0,99.40000000130385,85.60000000149012,82.95000000018626,118.94999999925494,107.01111111086276,90.2250000005588,90.0,91.79999999962747,92.36666666654249,0.0,0.0,88.79999999981374,106.3500000005588,85.99999999925494,75.65454545430839,82.09999999962747,0.0,95.52500000037253,106.125,77.19090909053656,92.10000000024836,118.90000000037253,134.09999999962747,0.0,81.86666666716337,0.0,0.0,0.0,0.0,0.0,0.0,0.0,0.0,0.0,0.0,0.0
HETER,3,93.81764705851674,80.20000000111759,87.79999999888241,0.0,24.5,0.0,0.0,0.0,0.0,0.0,0.0,225.26249999995343,0.0,0.0,0.0,81.78999999994411,0.0,0.0,224.93749999976717,0.0,0.0,0.0,0.0,0.0,0.0,0.0,0.0,0.0,0.0,166.99999999906868,0.0,0.0,0.0,0.0,0.0,0.0,0.0,98.5888888893856,78.0,90.8000000002794,97.21111111053162,76.36666666685294,0.0,65.0,75.10000000149012,98.36666666674945,75.9333333329608,91.0000000002661,74.23333333308499,127.70000000111759,95.54000000022351,78.74000000022352,70.05000000074506,0.0,78.24000000022352,0.0,88.69999999987583,64.19999999925494,0.0,125.47500000009313,0.0,75.67999999970198,88.4250000002794,0.0,0.0,0.0,0.0,0.0,0.0,0.0,0.0,0.0,0.0
HETER,4,104.90000000002328,0.0,79.0,0.0,0.0,0.0,0.0,0.0,0.0,0.0,0.0,0.0,0.0,0.0,0.0,95.68750000023283,0.0,0.0,0.0,0.0,0.0,0.0,0.0,0.0,0.0,0.0,0.0,0.0,0.0,189.80000000074506,0.0,0.0,0.0,0.0,0.0,0.0,0.0,90.20000000018626,105.40000000037253,77.54000000022351,102.95000000018626,109.14545454525135,88.69999999925494,80.03333333383004,77.75000000093132,99.02499999967404,92.95000000018626,55.200000000186265,85.75,113.96666666679084,86.2142857145518,73.0999999998603,72.40000000037253,106.15000000037253,115.54999999981374,96.33333333395422,79.05999999977648,92.69999999925494,123.1000000005588,88.29999999888241,94.30000000074506,85.06666666641831,118.29999999888241,0.0,0.0,0.0,0.0,0.0,0.0,0.0,0.0,0.0,0.0
HETER,5,109.57272727313367,0.0,55.19999999925494,0.0,0.0,0.0,0.0,0.0,0.0,0.0,0.0,0.0,0.0,0.0,0.0,132.94285714280392,0.0,0.0,0.0,0.0,0.0,0.0,0.0,0.0,0.0,0.0,0.0,0.0,0.0,280.0,0.0,0.0,0.0,0.0,0.0,0.0,0.0,115.51666666629414,108.95000000018626,84.43750000023283,95.5,123.95714285730251,133.25000000093132,64.69999999925494,83.03333333383004,99.94545454565774,0.0,103.5,82.3199999999255,144.19999999925494,100.78333333320916,94.2777777781917,96.79999999981374,0.0,91.35555555567973,96.72499999962747,100.01250000018626,79.39999999990687,91.34999999962747,113.20000000111759,0.0,93.40000000037253,0.0,0.0,0.0,0.0,0.0,0.0,0.0,0.0,0.0,0.0,0.0
Kosak,2,0.0,0.0,0.0,0.0,0.0,0.0,0.0,0.0,0.0,0.0,0.0,0.0,0.0,0.0,0.0,12.300000041723251,0.0,0.0,0.0,0.0,0.0,0.0,0.0,0.0,0.0,0.0,0.0,0.0,0.0,0.0,0.0,6.969811319180255,0.0,0.0,0.0,0.0,0.0,0.0,0.0,0.0,0.0,0.0,0.0,0.0,0.0,0.0,0.0,0.0,0.0,0.0,0.0,0.0,0.0,0.0,0.0,0.0,0.0,0.0,0.0,0.0,0.0,0.0,0.0,0.0,0.0,0.0,0.0,0.0,0.0,0.0,0.0,0.0,0.0
Kosak,3,0.0,0.0,0.0,0.0,0.0,0.0,0.0,0.0,0.0,0.0,0.0,0.0,0.0,0.0,0.0,7.840000009536743,0.0,0.0,0.0,0.0,9.399999976158142,0.0,0.0,0.0,0.0,0.0,0.0,0.0,0.0,80.93333333730698,0.0,6.1073170769505385,0.0,0.0,0.0,0.0,0.0,0.0,0.0,0.0,0.0,0.0,0.0,0.0,0.0,0.0,0.0,0.0,0.0,0.0,0.0,0.0,0.0,0.0,0.0,0.0,0.0,0.0,0.0,0.0,0.0,0.0,0.0,0.0,0.0,0.0,0.0,0.0,0.0,0.0,0.0,0.0,0.0
Kosak,4,0.0,0.0,0.0,0.0,0.0,0.0,0.0,0.0,0.0,0.0,0.0,0.0,0.0,0.0,0.0,9.566666654745738,0.0,0.0,0.0,0.0,0.0,0.0,0.0,0.0,0.0,0.0,0.0,0.0,0.0,0.0,0.0,5.5257812505587935,0.0,0.0,0.0,0.0,0.0,0.0,0.0,0.0,0.0,0.0,0.0,0.0,0.0,0.0,0.0,0.0,0.0,0.0,0.0,0.0,0.0,0.0,0.0,0.0,0.0,0.0,0.0,0.0,0.0,0.0,0.0,0.0,0.0,0.0,0.0,0.0,0.0,0.0,0.0,0.0,0.0
Kosak,5,0.0,0.0,0.0,0.0,0.0,0.0,0.0,0.0,0.0,0.0,0.0,0.0,0.0,0.0,0.0,7.461538461538462,0.0,0.0,0.0,0.0,0.0,0.0,0.0,0.0,0.0,0.0,0.0,0.0,0.0,0.0,0.0,6.640650407570164,0.0,0.0,0.0,0.0,0.0,0.0,0.0,0.0,0.0,0.0,0.0,0.0,0.0,0.0,0.0,0.0,0.0,0.0,0.0,0.0,0.0,0.0,0.0,0.0,0.0,0.0,0.0,0.0,0.0,0.0,0.0,0.0,0.0,0.0,0.0,0.0,0.0,0.0,0.0,0.0,0.0
Lukasz,1,118.5166666644315,0.0,104.40000000596046,0.0,0.0,0.0,0.0,0.0,0.0,0.0,0.0,0.0,0.0,0.0,0.0,122.38749999925494,0.0,0.0,0.0,0.0,0.0,0.0,0.0,0.0,0.0,0.0,0.0,0.0,0.0,160.29999999701977,0.0,0.0,0.0,0.0,0.0,0.0,0.0,131.92857142857142,109.66666666666667,113.59999999776483,143.20000000298023,131.03749999776483,108.6499999910593,124.89999999602635,111.60000000149012,147.60000000066228,0.0,153.19999998807907,147.62000000178813,175.5,136.83333333830038,144.01111111210452,136.40000000596046,0.0,131.01250000484288,125.34166666989525,123.92499999701977,118.57499999552965,119.29999999701977,168.29999999701977,0.0,116.34999999776483,0.0,0.0,0.0,0.0,0.0,0.0,0.0,0.0,0.0,0.0,0.0
Lukasz,2,117.02000000178813,152.5,127.60000000149012,0.0,0.0,0.0,0.0,0.0,0.0,0.0,0.0,217.91428571726595,0.0,0.0,0.0,108.06000000238419,0.0,0.0,218.12857142942292,0.0,112.29999999701977,0.0,0.0,0.0,0.0,136.80000001192093,0.0,0.0,0.0,246.8999999910593,0.0,0.0,0.0,0.0,0.0,0.0,0.0,112.25,91.16666666666667,93.16666666169961,132.29999999701977,115.55999999940396,0.0,118.6000000089407,111.6000000089407,129.9222222202354,0.0,138.76666666567326,112.90000000596046,107.89999999850988,160.0,137.7499999962747,133.4333333323399,0.0,127.01428571556296,100.3666666696469,111.85000000149012,133.5666666676601,0.0,130.5300000011921,0.0,116.52000000178813,101.74285714541163,0.0,0.0,123.25,0.0,0.0,111.8999999910593,0.0,159.59999999403954,0.0,0.0
Lukasz,3,123.59411764933782,0.0,128.29999999701977,0.0,0.0,0.0,0.0,0.0,0.0,0.0,0.0,0.0,0.0,0.0,0.0,113.80000000074506,0.0,0.0,0.0,0.0,0.0,0.0,0.0,0.0,0.0,0.0,0.0,0.0,0.0,183.79999999701977,0.0,0.0,0.0,0.0,0.0,0.0,0.0,131.05000000447035,80.40000000596046,113.42500000074506,116.05000000447035,113.6333333303531,124.05000000074506,72.90000000596046,120.09999999776483,151.27500000223517,0.0,0.0,104.86666666467984,156.45000000298023,161.82499999552965,141.60000000397363,151.30000001192093,0.0,122.55000000198682,112.10000000149012,126.09999999701976,141.72499999403954,95.79999999701977,159.40000000596046,0.0,136.19999999801317,0.0,0.0,0.0,0.0,0.0,0.0,0.0,0.0,0.0,0.0,0.0
Lukasz,4,119.13888888888889,107.0,131.75,0.0,0.0,0.0,0.0,0.0,0.0,0.0,0.0,218.58750000037253,0.0,0.0,0.0,143.40000000596046,0.0,0.0,218.7375000026077,0.0,0.0,0.0,0.0,0.0,172.6000000089407,102.8999999910593,0.0,0.0,0.0,479.45000000298023,0.0,0.0,0.0,0.0,0.0,0.0,0.0,133.4000000043048,91.84999999403954,119.59999999403954,131.53333333631358,125.36666666799121,119.89999999850988,101.0,119.90000000596046,152.41666666666666,120.1000000089407,155.60000000149012,142.16666667163372,159.95000000298023,141.5,128.0,120.09999999403954,151.79999999701977,137.26666666567326,128.33333333830038,117.70000000085149,100.20000000298023,128.1000000089407,141.19999999801317,0.0,120.33333333333333,117.04999999701977,0.0,0.0,0.0,0.0,0.0,0.0,0.0,120.5,0.0,111.90000000596046
Lukasz,5,118.91999999880791,136.90000000596046,119.90000000596046,0.0,0.0,0.0,0.0,0.0,0.0,64.0,0.0,173.4999999962747,0.0,0.0,0.0,109.79999999453624,0.0,0.0,173.7499999962747,152.5,0.0,0.0,168.0,0.0,0.0,0.0,136.1000000089407,168.29999999701977,0.0,415.79999999701977,0.0,0.0,151.79999999701977,183.8999999910593,0.0,0.0,0.0,124.74166666592161,67.8999999910593,114.90000000596046,136.80000000447035,139.3,0.0,0.0,0.0,142.66000000089406,136.0,135.80000000447035,152.1000000089407,151.29999999701977,148.66249999776483,125.25714285884585,163.0,0.0,130.76666667064032,117.24999999627471,130.1199999988079,139.9000000009934,0.0,131.06666666517654,0.0,105.77500000223517,109.02000000476838,0.0,0.0,135.09999999403954,0.0,0.0,0.0,0.0,0.0,0.0,0.0
Maja,1,68.80000001937151,0.0,81.79999995231628,0.0,0.0,0.0,0.0,0.0,0.0,0.0,0.0,0.0,0.0,0.0,0.0,33.10000002384186,0.0,0.0,0.0,0.0,71.30000007152557,0.0,0.0,0.0,0.0,0.0,0.0,0.0,0.0,303.5,0.0,0.0,0.0,0.0,0.0,0.0,0.0,96.94999998807907,61.40000009536743,62.77500003576279,50.84999996423721,67.73333333598242,60.275000005960464,85.30000007152557,68.09999999403954,67.52500000596046,0.0,0.0,62.25,65.94999998807907,85.92500004172325,90.375,59.799999952316284,0.0,66.2571428503309,72.74999997019768,78.15000001192092,56.96666669845581,67.70000004768372,68.90000009536743,0.0,99.83333333333333,0.0,0.0,0.0,0.0,0.0,0.0,0.0,0.0,0.0,0.0,0.0
Maja,2,69.44736840223011,47.10000002384186,0.0,0.0,0.0,0.0,0.0,52.0,0.0,0.0,0.0,163.58571430615015,0.0,0.0,0.0,63.520000012715656,0.0,0.0,163.68571429593223,0.0,0.0,0.0,0.0,0.0,0.0,0.0,0.0,0.0,0.0,267.0,0.0,0.0,0.0,0.0,109.60000002384186,0.0,0.0,92.50833334525426,72.39999997615814,71.29999995231628,67.04285713604519,70.54285711901528,0.0,68.09999999403954,0.0,97.44444444444444,75.90000003576279,72.7000000178814,95.23333338896434,75.40000001589458,88.20000004768372,86.16363634846427,68.60000002384186,0.0,76.63333336512248,83.27500000596046,58.66000006198883,75.39999997615814,0.0,87.0,0.0,84.89999997615814,94.63333336512248,0.0,0.0,0.0,0.0,0.0,0.0,0.0,0.0,0.0,0.0
Maja,3,75.33684210400833,52.700000047683716,76.25,0.0,0.0,0.0,0.0,0.0,0.0,0.0,0.0,253.04166668653488,0.0,0.0,0.0,71.68000000715256,0.0,0.0,252.9500000079473,0.0,0.0,0.0,0.0,0.0,0.0,0.0,0.0,0.0,0.0,302.0499999523163,0.0,0.0,0.0,0.0,0.0,0.0,0.0,89.36666666136847,74.00000005960464,55.40000009536743,58.866666634877525,77.09999998807908,63.000000059604645,49.76666669050852,69.89999997615814,88.12857142516545,58.800000071525574,86.92499999701977,96.7666666507721,78.55000001192093,76.69999998807907,88.2666666507721,78.69999992847443,81.5,89.1499999910593,87.73333338896434,63.50000001490116,91.85000002384186,59.300000071525574,65.49999996026357,0.0,71.36666667461395,76.97499999403954,0.0,0.0,0.0,0.0,0.0,0.0,0.0,0.0,0.0,0.0
Maja,4,75.29999997880724,76.70000004768372,73.60000002384186,0.0,0.0,0.0,0.0,0.0,0.0,0.0,0.0,131.0750000178814,157.33999996185304,363.24999994039536,0.0,226.5666666229566,0.0,0.0,131.02500000596046,43.199999928474426,0.0,0.0,65.40000009536743,0.0,0.0,0.0,102.89999997615814,55.300000071525574,0.0,499.7000000476837,0.0,0.0,119.80000007152557,57.10000002384186,0.0,0.0,0.0,81.58235297483556,73.40000009536743,42.249999940395355,62.950000047683716,66.86666669448216,0.0,0.0,0.0,80.5538461300043,53.300000071525574,58.39999997615814,67.70000004768372,69.80000007152557,96.05999999046325,62.43999998569488,90.7333333492279,0.0,46.32500001788139,86.75000005960464,49.67999994754791,60.76666669050852,0.0,78.29999999205272,0.0,83.09999997615814,67.49999998013179,0.0,0.0,0.0,0.0,0.0,0.0,0.0,0.0,0.0,0.0
Maja,5,71.72631578068984,72.93333331743877,69.80000001192093,0.0,0.0,0.0,0.0,0.0,0.0,0.0,0.0,210.56363637880847,0.0,0.0,0.0,83.89374999701977,0.0,0.0,210.5818181471391,0.0,0.0,0.0,0.0,62.00000002384186,0.0,0.0,0.0,0.0,0.0,329.09999990463257,0.0,0.0,0.0,0.0,0.0,0.0,0.0,80.84999996423721,65.13333328564961,56.666666666666664,40.14999997615814,71.40000000596046,0.0,43.05000001192093,107.19999992847443,88.9200000166893,0.0,82.25,50.39999997615814,82.55000001192093,71.60000002384186,82.4500000178814,92.39999997615814,0.0,78.83333329359691,76.46666665871938,61.65000006556511,59.06666672229767,0.0,72.8222222328186,0.0,77.67142859527043,73.9874999821186,0.0,0.0,0.0,70.0,0.0,0.0,0.0,0.0,0.0,0.0
Majkel,1,104.16249999869615,0.0,90.29999999701977,0.0,0.0,0.0,0.0,0.0,0.0,0.0,0.0,0.0,0.0,0.0,0.0,0.0,0.0,0.0,0.0,0.0,0.0,0.0,0.0,0.0,0.0,0.0,0.0,0.0,0.0,0.0,97.90000000596046,0.0,0.0,0.0,0.0,0.0,0.0,105.85000000149012,106.59999999403954,91.69999999925494,127.75000000745058,119.04444444345103,112.5,103.79999999701977,103.35000000149012,107.59999999776483,0.0,0.0,134.44999999552965,124.44999999552965,115.99999999627471,129.35000000149012,137.09999999403954,0.0,114.06666666766007,96.12499999627471,112.50000000149012,112.8666666696469,139.0,108.20000000298023,0.0,97.76666666567326,0.0,0.0,0.0,0.0,0.0,0.0,0.0,0.0,0.0,0.0,0.0
Majkel,2,111.55000000074506,113.09999999403954,114.8999999910593,0.0,0.0,0.0,0.0,0.0,0.0,0.0,0.0,179.16666666666666,0.0,0.0,0.0,97.27499999850988,0.0,0.0,178.83333333333334,0.0,0.0,0.0,0.0,0.0,0.0,0.0,0.0,0.0,0.0,346.1000000089407,0.0,0.0,0.0,0.0,0.0,0.0,0.0,110.0,0.0,123.17500000074506,119.14999999850988,118.67999999821185,0.0,118.84999999403954,0.0,102.27692307646458,105.03333333134651,114.30000000447035,108.89999999602635,92.90000000596046,121.66000000238418,131.56666666269302,116.72499999776483,0.0,125.0,101.87500000372529,100.84000000059605,113.19999999552965,0.0,112.96666665871938,0.0,108.82499999925494,114.46666666865349,0.0,0.0,0.0,0.0,0.0,0.0,0.0,0.0,0.0,0.0
Majkel,3,104.86428571492434,105.10000000149012,94.5,0.0,0.0,0.0,0.0,0.0,0.0,0.0,0.0,167.95000000298023,0.0,0.0,0.0,0.0,0.0,0.0,167.71249999850988,0.0,0.0,0.0,0.0,0.0,0.0,0.0,0.0,0.0,0.0,149.20000000298023,0.0,0.0,0.0,0.0,0.0,0.0,0.0,112.30000000447035,99.33333333830039,122.46666666865349,130.54999999701977,109.92499999329448,0.0,103.20000000298023,117.3999999910593,104.19999999966886,0.0,108.93333333233993,100.59999999403954,134.99999999254942,101.30000001192093,110.77500000223517,126.06666666766007,0.0,110.59999999900658,119.33333333333333,102.39999999850988,96.19999999801318,0.0,116.69999999966886,0.0,100.61999999880791,120.70000000085149,0.0,0.0,0.0,0.0,0.0,0.0,0.0,0.0,0.0,0.0
Majkel,4,102.08181818100539,0.0,89.79999999701977,0.0,0.0,0.0,0.0,0.0,0.0,0.0,0.0,0.0,0.0,0.0,0.0,115.29999999701977,0.0,0.0,0.0,0.0,0.0,0.0,0.0,0.0,0.0,0.0,0.0,0.0,0.0,352.09999999403954,0.0,0.0,0.0,0.0,0.0,0.0,0.0,113.09999999652307,102.7333333293597,101.2199999988079,154.5,118.25,113.64999999850988,110.74999999254942,103.90000000099342,115.62222222321563,0.0,117.8999999910593,109.5,116.1000000089407,108.99999999751647,121.522222219242,134.55000000447035,0.0,126.89999999744552,103.30909090963277,110.84285714370864,104.06666666766007,99.70000000298023,109.79999999701977,0.0,102.82499999925494,0.0,0.0,0.0,0.0,0.0,0.0,0.0,0.0,0.0,0.0,0.0
Majkel,5,104.98888888623979,105.5,113.29999999701977,0.0,0.0,0.0,0.0,0.0,0.0,0.0,0.0,172.98461538667863,0.0,0.0,0.0,96.64999999850988,0.0,0.0,172.85384615338765,0.0,0.0,0.0,0.0,0.0,0.0,0.0,0.0,0.0,0.0,228.94999999552965,0.0,0.0,0.0,0.0,0.0,0.0,0.0,113.36666666633553,119.39999999850988,103.20000000298023,122.86666666467984,116.75555555356874,125.44999999552965,111.20000000298023,95.09999999403954,124.62857142729419,110.40000000596046,109.13333333283663,119.06666666766007,120.75000000745058,103.6000000052154,110.59999999900658,72.59999999403954,99.79999999701977,114.34285714583737,115.40000000099342,113.75714285671711,116.5,129.40000000596046,132.2333333392938,0.0,98.19999999801318,96.77499999850988,0.0,0.0,0.0,0.0,114.5,0.0,0.0,0.0,0.0,0.0
Marcin,1,138.54999999981374,0.0,0.0,0.0,0.0,0.0,0.0,0.0,0.0,0.0,0.0,0.0,0.0,0.0,0.0,106.83333333581686,0.0,0.0,0.0,0.0,0.0,0.0,0.0,0.0,0.0,0.0,0.0,0.0,0.0,228.19999999552965,0.0,0.0,0.0,0.0,0.0,0.0,0.0,111.8666666696469,108.29999999701977,132.52500000223517,127.75,130.93000000044702,121.29999999701977,111.7000000004967,83.80000000074506,119.62857142835855,103.79999999701977,133.89999999850988,111.62000000327825,137.43333333482346,121.63750000018626,109.86666666716337,176.0,154.39999999850988,116.65000000223517,114.86666666467984,121.74000000059604,110.92499999888241,116.69999999925494,113.0,120.19999999552965,115.84999999776483,136.0,0.0,0.0,0.0,0.0,0.0,0.0,0.0,0.0,0.0,0.0
Marcin,2,132.38571428560786,103.89999999850988,0.0,0.0,0.0,0.0,0.0,0.0,0.0,0.0,0.0,309.96666666616994,0.0,0.0,0.0,91.54999999888241,0.0,0.0,310.2000000004967,0.0,0.0,0.0,0.0,0.0,0.0,0.0,0.0,0.0,148.60000000149012,515.6000000014901,0.0,0.0,0.0,0.0,0.0,0.0,0.0,131.1428571439215,0.0,120.07499999925494,100.75,146.39000000059605,0.0,104.04999999701977,0.0,127.00000000067733,106.56666666517656,131.9999999962747,111.52500000037253,120.0,113.44444444444444,113.29999999701977,138.14999999850988,0.0,116.0,133.85000000149012,106.34999999962747,79.5,0.0,142.4249999988824,112.20000000298023,122.27500000037253,128.3833333340784,0.0,0.0,119.40000000596046,0.0,0.0,0.0,0.0,112.20000000298023,0.0,0.0
Marcin,3,135.4444444456862,124.0,149.7500000037253,0.0,0.0,0.0,0.0,0.0,0.0,0.0,0.0,459.0624999990687,0.0,0.0,0.0,0.0,0.0,0.0,459.25000000186265,0.0,121.89999999850988,0.0,0.0,0.0,0.0,100.29999999701977,0.0,0.0,0.0,448.8666666646798,0.0,0.0,0.0,0.0,0.0,0.0,0.0,118.86666666716337,98.85000000149012,144.0,129.20000000049671,122.5666666660044,112.15000000223517,123.40000000099342,111.10000000149012,131.9333333335817,95.89999999850988,126.5499999995033,131.53333333383003,123.30000000074506,126.12499999813735,117.13333333283663,168.20000000298023,119.30000000447035,129.19999999801317,131.43333333482346,115.71428571535009,120.10000000149012,104.5,133.83333333581686,0.0,128.03333333383003,119.12500000186265,0.0,176.09999999403954,0.0,111.29999999701977,119.89999999850988,0.0,102.69999999552965,103.89999999850988,128.0,144.69999999552965
Marcin,4,112.2411764706759,103.0,79.80000000447035,0.0,0.0,0.0,0.0,0.0,0.0,0.0,0.0,273.6000000014901,0.0,0.0,0.0,109.39999999850988,0.0,0.0,273.7749999985099,0.0,0.0,0.0,0.0,0.0,0.0,0.0,0.0,0.0,0.0,542.0999999977648,0.0,0.0,0.0,0.0,112.5,0.0,0.0,107.62727272781459,107.60000000149012,120.39999999850988,99.61666666343808,111.31428571151835,0.0,93.02500000037253,0.0,122.30000000033114,111.55000000074506,137.53333333383003,121.16666666666667,126.35000000149012,153.53333333631358,124.3555555558867,128.10000000149012,0.0,120.1333333303531,110.94999999925494,105.03999999910593,77.44999999925494,0.0,127.29999999701977,0.0,99.75,126.40000000149011,0.0,0.0,0.0,0.0,0.0,0.0,0.0,0.0,0.0,0.0
Marcin,5,127.03529411773471,0.0,96.10000000149012,0.0,0.0,0.0,0.0,0.0,0.0,0.0,0.0,0.0,0.0,0.0,0.0,144.52500000409782,0.0,0.0,0.0,0.0,0.0,0.0,0.0,0.0,0.0,0.0,0.0,0.0,0.0,328.30000000447035,0.0,0.0,0.0,0.0,0.0,0.0,0.0,124.15000000223517,119.70000000298023,113.89999999850988,109.26666666815679,125.30000000149012,109.79999999850989,111.10000000149012,108.94000000059604,154.17500000447035,73.09999999403954,0.0,151.65000000223517,111.84999999776483,119.90000000409782,122.125,115.99999999627471,0.0,128.23333333308497,131.57500000298023,100.59999999810348,115.03333333383004,96.0,112.39999999850988,0.0,133.20000000049671,0.0,0.0,0.0,0.0,0.0,0.0,0.0,0.0,0.0,0.0,0.0
Mateusz,1,111.42222222222335,66.69999999999709,113.19999999999709,0.0,0.0,0.0,0.0,0.0,0.0,0.0,0.0,289.7545454545497,0.0,0.0,0.0,88.29374999999163,0.0,113.02499999999782,287.83636363636737,0.0,0.0,0.0,0.0,0.0,0.0,81.0,0.0,0.0,113.79999999998836,0.0,0.0,0.0,0.0,0.0,0.0,0.0,0.0,99.27000000000116,92.94999999999709,120.0,90.5,105.9099999999933,84.46666666666472,126.73333333332751,67.80000000001746,83.39999999999782,80.10000000000582,95.97142857142691,101.60000000000582,90.35000000000582,80.17499999999563,73.0999999999949,79.89999999999418,180.30000000001746,89.9111111111124,87.03333333332557,102.8111111111082,83.39999999999418,86.10000000000582,109.59999999999854,0.0,75.33333333333333,120.97999999999593,0.0,134.39999999999418,0.0,0.0,0.0,93.30000000000291,0.0,0.0,100.30000000001746,0.0
Mateusz,2,105.41333333332828,46.33333333332363,79.60000000000582,0.0,0.0,0.0,0.0,0.0,0.0,0.0,0.0,257.8249999999971,0.0,0.0,0.0,81.75,0.0,136.1999999999971,257.79999999999563,0.0,0.0,0.0,0.0,0.0,0.0,0.0,0.0,0.0,0.0,0.0,0.0,0.0,0.0,0.0,0.0,0.0,0.0,109.94999999999709,91.13333333332169,102.43333333332946,116.44999999998254,111.65000000000146,0.0,99.20000000001164,65.5,70.38888888888889,0.0,87.9999999999903,87.5,58.75,73.55000000000291,83.30000000000291,106.09999999999611,0.0,116.70000000000194,106.79999999999806,128.1750000000029,71.26666666666279,0.0,120.72222222222223,0.0,78.3600000000035,95.54285714285132,0.0,0.0,0.0,0.0,0.0,0.0,0.0,0.0,136.80000000001746,0.0
Mateusz,3,111.15833333333285,0.0,60.0,0.0,0.0,0.0,0.0,0.0,0.0,119.09999999997672,0.0,0.0,0.0,0.0,0.0,80.7466666666655,100.79999999998836,105.65000000000873,0.0,0.0,0.0,0.0,0.0,0.0,0.0,0.0,0.0,0.0,0.0,0.0,0.0,0.0,0.0,0.0,0.0,0.0,0.0,94.35714285713455,108.8666666666686,129.36000000000348,127.0,100.97142857143106,122.90000000000873,120.50000000001455,117.73333333333721,95.58181818181765,0.0,93.5,100.22000000000699,48.46666666666473,85.29999999999667,103.03333333333204,120.34999999999127,0.0,118.94000000000233,103.49999999999736,138.51111111111175,88.19999999999709,154.0,134.0,0.0,85.7,0.0,0.0,0.0,0.0,0.0,0.0,0.0,0.0,0.0,0.0,0.0
Mateusz,4,97.18235294117167,73.79999999998836,60.899999999965075,0.0,0.0,0.0,0.0,0.0,0.0,0.0,0.0,131.80000000000777,0.0,0.0,0.0,81.79999999998836,0.0,129.43333333334886,131.76666666667248,153.59999999997672,0.0,0.0,0.0,0.0,0.0,0.0,127.09999999997672,167.5,0.0,0.0,167.0,0.0,146.70000000001164,112.70000000001164,0.0,0.0,0.0,103.56428571427075,132.10000000003492,105.40000000002328,126.70000000001164,91.45999999999768,0.0,0.0,0.0,86.7199999999837,72.90000000002328,78.52500000000873,4.2000000000116415,82.5,79.35555555555685,87.61999999999534,103.86666666667831,0.0,109.23333333335661,100.32499999999709,123.9800000000163,86.53333333332557,0.0,124.30000000001746,0.0,91.19999999999709,130.720000000007,0.0,0.0,0.0,0.0,0.0,0.0,0.0,0.0,0.0,0.0
Mateusz,5,109.45789473684579,0.0,87.5,0.0,0.0,0.0,0.0,0.0,0.0,0.0,0.0,0.0,0.0,0.0,0.0,85.26666666666925,0.0,116.70000000001164,0.0,0.0,0.0,0.0,0.0,0.0,0.0,0.0,0.0,0.0,0.0,0.0,119.5,0.0,0.0,0.0,0.0,0.0,0.0,86.34999999997672,72.59999999997672,119.69999999999709,106.65000000002328,93.17777777776872,126.84999999999127,93.14999999999418,81.97500000000582,94.8800000000163,0.0,0.0,86.59999999997672,79.70000000001164,93.625,106.97500000000582,80.09999999997672,0.0,101.90000000000666,88.14999999999418,112.93333333332946,79.69999999999709,88.80000000004657,119.79999999998836,0.0,86.75,0.0,0.0,0.0,0.0,0.0,0.0,0.0,0.0,0.0,0.0,0.0
Michał Woźniak,1,0.0,0.0,0.0,0.0,0.0,0.0,0.0,0.0,0.0,0.0,0.0,0.0,0.0,0.0,0.0,5.100000001490116,0.0,0.0,0.0,0.0,0.0,0.0,0.0,0.0,0.0,0.0,0.0,0.0,0.0,0.0,0.0,5.948181818256324,0.0,0.0,0.0,0.0,0.0,0.0,0.0,0.0,0.0,0.0,0.0,0.0,0.0,0.0,0.0,0.0,0.0,0.0,0.0,0.0,0.0,0.0,0.0,0.0,0.0,0.0,0.0,0.0,0.0,0.0,0.0,0.0,0.0,0.0,0.0,0.0,0.0,0.0,0.0,0.0,0.0
Michał Woźniak,2,0.0,0.0,0.0,0.0,0.0,0.0,0.0,0.0,0.0,0.0,0.0,0.0,0.0,0.0,0.0,5.5,0.0,0.0,0.0,0.0,0.0,0.0,0.0,0.0,0.0,0.0,0.0,0.0,0.0,0.0,0.0,5.898969071888432,0.0,0.0,0.0,0.0,0.0,0.0,0.0,0.0,0.0,0.0,0.0,0.0,0.0,0.0,0.0,0.0,0.0,0.0,0.0,0.0,0.0,0.0,0.0,0.0,0.0,0.0,0.0,0.0,0.0,0.0,0.0,0.0,0.0,0.0,0.0,0.0,0.0,0.0,0.0,0.0,0.0
Michał Woźniak,3,0.0,0.0,0.0,0.0,0.0,0.0,0.0,0.0,0.0,0.0,0.0,0.0,0.0,0.0,0.0,5.200000002980232,0.0,0.0,0.0,0.0,0.0,0.0,0.0,0.0,0.0,0.0,0.0,0.0,0.0,0.0,0.0,5.530693069321685,0.0,0.0,0.0,0.0,0.0,0.0,0.0,0.0,0.0,0.0,0.0,0.0,0.0,0.0,0.0,0.0,0.0,0.0,0.0,0.0,0.0,0.0,0.0,0.0,0.0,0.0,0.0,0.0,0.0,0.0,0.0,0.0,0.0,0.0,0.0,0.0,0.0,0.0,0.0,0.0,0.0
Michał Woźniak,4,0.0,0.0,0.0,0.0,0.0,0.0,0.0,0.0,0.0,0.0,0.0,0.0,0.0,0.0,0.0,5.849999999627471,0.0,0.0,0.0,0.0,0.0,0.0,0.0,0.0,0.0,0.0,0.0,0.0,0.0,0.0,0.0,5.904587156216213,0.0,0.0,0.0,0.0,0.0,0.0,0.0,0.0,0.0,0.0,0.0,0.0,0.0,0.0,0.0,0.0,0.0,0.0,0.0,0.0,0.0,0.0,0.0,0.0,0.0,0.0,0.0,0.0,0.0,0.0,0.0,0.0,0.0,0.0,0.0,0.0,0.0,0.0,0.0,0.0,0.0
Michał Woźniak,5,0.0,0.0,0.0,0.0,0.0,0.0,0.0,0.0,0.0,0.0,0.0,0.0,0.0,0.0,0.0,6.625000000931323,0.0,0.0,0.0,0.0,0.0,0.0,0.0,0.0,0.0,0.0,0.0,0.0,0.0,0.0,0.0,5.652727272666313,0.0,0.0,0.0,0.0,0.0,0.0,0.0,0.0,0.0,0.0,0.0,0.0,0.0,0.0,0.0,0.0,0.0,0.0,0.0,0.0,0.0,0.0,0.0,0.0,0.0,0.0,0.0,0.0,0.0,0.0,0.0,0.0,0.0,0.0,0.0,0.0,0.0,0.0,0.0,0.0,0.0
Nick:),1,29.66666666666788,0.0,21.999999999985448,0.0,0.0,0.0,0.0,0.0,0.0,0.0,0.0,0.0,0.0,0.0,0.0,11.333333333338183,14.0,0.0,0.0,0.0,0.0,0.0,0.0,0.0,0.0,0.0,0.0,0.0,0.0,0.0,0.0,0.0,0.0,0.0,0.0,0.0,0.0,14.142857142857142,11.0,15.0,13.999999999985448,13.124999999998181,14.0,13.0,14.999999999995149,12.7,0.0,13.499999999992724,11.79999999999709,21.999999999985448,12.500000000004851,12.250000000003638,10.499999999992724,0.0,14.249999999998181,12.769230769233008,14.249999999996362,12.750000000003638,15.0,19.0,0.0,11.999999999996362,0.0,0.0,0.0,0.0,0.0,0.0,0.0,0.0,0.0,0.0,0.0
Nick:),2,28.058823529411764,19.0,28.499999999985448,0.0,0.0,0.0,0.0,0.0,0.0,0.0,0.0,0.0,0.0,0.0,0.0,10.857142857153251,0.0,0.0,0.0,0.0,0.0,0.0,0.0,0.0,0.0,41.0,0.0,0.0,41.000000000029104,0.0,0.0,0.0,0.0,0.0,0.0,0.0,0.0,15.818181818171235,13.666666666676369,14.5,11.75,13.11111111111111,15.000000000014552,15.000000000007276,14.0,13.166666666666666,5.0,12.499999999995149,11.500000000007276,15.0,13.000000000004851,11.249999999996362,10.0,14.000000000029104,12.125,14.0,12.1428571428613,8.5,15.000000000029104,12.0000000000097,0.0,15.75,12.833333333323631,0.0,0.0,0.0,0.0,20.999999999970896,0.0,18.0,0.0,27.5,0.0
Nick:),3,29.444444444449296,27.000000000014552,25.5,0.0,0.0,0.0,0.0,0.0,0.0,0.0,0.0,0.0,0.0,0.0,45.000000000029104,24.33333333333657,0.0,0.0,0.0,0.0,0.0,0.0,0.0,0.0,0.0,39.999999999970896,0.0,0.0,0.0,0.0,0.0,0.0,0.0,0.0,0.0,0.0,0.0,12.500000000014552,13.5,14.25,14.5,12.25,0.0,13.0,14.000000000029104,12.833333333333334,0.0,13.333333333323631,12.666666666656965,11.000000000007276,8.0,12.000000000007276,14.0,0.0,13.333333333343035,11.666666666666666,13.0,13.0000000000097,0.0,14.249999999996362,0.0,9.60000000000582,19.625000000003638,0.0,0.0,0.0,0.0,0.0,0.0,0.0,0.0,0.0,0.0
Nick:),4,25.733333333333334,29.0,31.0,0.0,0.0,0.0,0.0,0.0,0.0,0.0,0.0,0.0,0.0,0.0,0.0,10.000000000019403,0.0,0.0,0.0,0.0,0.0,0.0,0.0,0.0,0.0,0.0,0.0,0.0,0.0,0.0,0.0,0.0,36.0,0.0,0.0,0.0,0.0,13.81818181818711,10.0,11.40000000001164,13.9999999999903,12.000000000004851,0.0,16.0,16.0,12.000000000004851,11.0,13.199999999988359,12.249999999992724,18.0,11.800000000023283,16.583333333328483,14.0,0.0,13.166666666656965,9.0,13.000000000029104,14.0,0.0,12.799999999988358,0.0,12.2,16.40000000001164,0.0,0.0,0.0,0.0,0.0,0.0,0.0,0.0,0.0,0.0
Nick:),5,21.562500000010914,0.0,35.0,0.0,0.0,0.0,0.0,0.0,0.0,0.0,0.0,0.0,0.0,0.0,0.0,11.818181818189755,0.0,0.0,0.0,0.0,0.0,0.0,0.0,0.0,0.0,0.0,0.0,0.0,0.0,0.0,39.0,0.0,0.0,0.0,0.0,0.0,0.0,22.5,24.0,11.799999999988358,17.0,12.2,12.0,13.0,14.40000000001164,13.0,0.0,0.0,12.750000000014552,10.999999999941792,12.428571428579744,12.416666666666666,16.0,0.0,12.857142857151173,13.4,14.083333333333334,12.333333333333334,12.0,12.5,0.0,12.0,0.0,0.0,0.0,0.0,0.0,0.0,0.0,0.0,0.0,0.0,0.0
Olo,1,83.94999999403953,0.0,85.39999997615814,0.0,0.0,0.0,0.0,0.0,0.0,0.0,0.0,0.0,0.0,0.0,0.0,86.56666668256123,0.0,0.0,0.0,0.0,0.0,0.0,0.0,0.0,0.0,0.0,0.0,0.0,0.0,284.60000002384186,0.0,0.0,0.0,0.0,0.0,0.0,0.0,100.94999998807907,121.79999995231628,109.0,95.1499999165535,96.65555555290646,90.15999999046326,84.56666668256123,73.10000000397365,96.97500002384186,0.0,0.0,88.60000002384186,51.94999998807907,85.80000001192093,79.76249998807907,41.89999997615814,67.79999995231628,105.8374999910593,99.40000000596046,95.51000000238419,53.40000003576279,60.60000002384186,144.80000007152557,0.0,84.97499999403954,0.0,0.0,0.0,0.0,0.0,0.0,0.0,0.0,0.0,0.0,0.0
Olo,2,106.0071428673608,85.89999997615814,110.90000009536743,51.199999928474426,0.0,0.0,0.0,0.0,0.0,0.0,0.0,239.12500002980232,0.0,0.0,0.0,129.09999990463257,0.0,0.0,239.0750000178814,79.79999995231628,0.0,0.0,0.0,0.0,0.0,0.0,92.69999992847443,75.0,0.0,235.29999995231628,0.0,0.0,81.5,83.89999997615814,0.0,0.0,0.0,99.06428572109768,101.69999992847443,91.39999997615814,112.14999997615814,99.22000002861023,0.0,0.0,0.0,80.51000001430512,77.10000002384186,84.0750000178814,83.39999997615814,96.60000002384186,78.66250002384186,91.86000001430511,107.06666664282481,0.0,95.70000004768372,111.32499995827675,93.78000001907348,90.46666665871938,0.0,129.95000004768372,0.0,94.44999995827675,121.92000000476837,0.0,0.0,84.89999997615814,0.0,0.0,0.0,0.0,0.0,0.0,0.0
Olo,3,102.69166668256123,0.0,107.39999997615814,0.0,0.0,0.0,0.0,0.0,0.0,0.0,0.0,0.0,0.0,0.0,0.0,142.69999998807907,110.90000009536743,0.0,0.0,0.0,146.0,0.0,0.0,0.0,0.0,0.0,0.0,0.0,0.0,173.5,0.0,0.0,0.0,0.0,0.0,0.0,0.0,118.9400000333786,85.75,107.79999999205272,93.1,101.22499999403954,110.25,118.19999992847443,74.75000005960464,106.88333334525426,0.0,0.0,94.78000001907348,82.5,101.7,97.22499999403954,111.79999999205272,0.0,97.87692309342899,115.55714285373688,102.91666666666667,76.30000004768371,77.40000009536743,124.30000001192093,0.0,114.79999995231628,0.0,0.0,0.0,0.0,0.0,0.0,0.0,0.0,0.0,0.0,0.0
Olo,4,99.59166664878528,79.75,107.5,0.0,0.0,0.0,0.0,0.0,0.0,0.0,0.0,199.02499997615814,0.0,0.0,0.0,158.70000004768372,0.0,0.0,198.9500000178814,0.0,142.0,0.0,0.0,0.0,0.0,0.0,0.0,0.0,0.0,325.3000000715256,0.0,0.0,0.0,0.0,0.0,0.0,0.0,105.65714286054883,0.0,107.1749999821186,96.19999998807907,91.59999997615814,0.0,67.5,0.0,75.89999999783255,74.50000003973643,84.40000003576279,95.33333329359691,68.60000002384186,77.55555558204651,69.13333336512248,106.75,0.0,85.55000001192093,107.97499999403954,87.72500002384186,78.50000005960464,0.0,86.59999998410542,0.0,79.92500004172325,99.80000003178914,0.0,0.0,0.0,0.0,0.0,0.0,0.0,0.0,0.0,0.0
Olo,5,111.41875000298023,49.200000047683716,99.20000004768372,0.0,0.0,0.0,0.0,99.5,0.0,0.0,0.0,147.04999995231628,0.0,0.0,0.0,138.69999992847443,0.0,0.0,147.1749999821186,0.0,145.10000002384186,0.0,0.0,0.0,0.0,0.0,0.0,0.0,0.0,250.04999995231628,0.0,0.0,0.0,0.0,0.0,0.0,0.0,128.8700000166893,85.29999995231628,103.10000002384186,103.2666666507721,76.01428571769169,0.0,95.80000001192093,0.0,72.40000001589458,101.0,94.79999999205272,81.60000002384186,77.44999998807907,71.5,86.69000002145768,108.0,0.0,88.2333333492279,99.59999999403954,104.87999999523163,64.29999995231628,0.0,80.80000007152557,0.0,77.10000002384186,108.12000002861024,0.0,0.0,0.0,0.0,0.0,0.0,0.0,0.0,0.0,0.0
Rita skeeter,1,0.0,0.0,0.0,0.0,0.0,0.0,0.0,0.0,0.0,0.0,0.0,0.0,0.0,0.0,0.0,12.700000017881393,0.0,0.0,0.0,0.0,0.0,0.0,0.0,0.0,0.0,0.0,0.0,0.0,0.0,0.0,0.0,6.7510416672254605,0.0,0.0,0.0,0.0,0.0,0.0,0.0,0.0,0.0,0.0,0.0,0.0,0.0,0.0,0.0,0.0,0.0,0.0,0.0,0.0,0.0,0.0,0.0,0.0,0.0,0.0,0.0,0.0,0.0,0.0,0.0,0.0,0.0,0.0,0.0,0.0,0.0,0.0,0.0,0.0,0.0
Rita skeeter,2,0.0,0.0,0.0,0.0,0.0,0.0,0.0,0.0,0.0,0.0,0.0,0.0,0.0,0.0,0.0,12.0,0.0,0.0,0.0,0.0,0.0,0.0,0.0,0.0,0.0,0.0,0.0,0.0,0.0,0.0,0.0,6.444329897767489,0.0,0.0,0.0,0.0,0.0,0.0,0.0,0.0,0.0,0.0,0.0,0.0,0.0,0.0,0.0,0.0,0.0,0.0,0.0,0.0,0.0,0.0,0.0,0.0,0.0,0.0,0.0,0.0,0.0,0.0,0.0,0.0,0.0,0.0,0.0,0.0,0.0,0.0,0.0,0.0,0.0
Rita skeeter,3,0.0,0.0,0.0,0.0,0.0,0.0,0.0,0.0,0.0,0.0,0.0,0.0,0.0,0.0,0.0,6.888888885577519,0.0,0.0,0.0,0.0,0.0,0.0,0.0,0.0,0.0,0.0,0.0,0.0,0.0,0.0,0.0,5.5320895498813085,0.0,0.0,0.0,0.0,0.0,0.0,0.0,0.0,0.0,0.0,0.0,0.0,0.0,0.0,0.0,0.0,0.0,0.0,0.0,0.0,0.0,0.0,0.0,0.0,0.0,0.0,0.0,0.0,0.0,0.0,0.0,0.0,0.0,0.0,0.0,0.0,0.0,0.0,0.0,0.0,0.0
Rita skeeter,4,0.0,0.0,0.0,0.0,0.0,0.0,0.0,0.0,0.0,0.0,0.0,0.0,0.0,0.0,0.0,2.0999999940395355,0.0,0.0,0.0,0.0,0.0,0.0,0.0,0.0,0.0,0.0,0.0,0.0,0.0,0.0,0.0,7.346534653170274,0.0,0.0,0.0,0.0,0.0,0.0,0.0,0.0,0.0,0.0,0.0,0.0,0.0,0.0,0.0,0.0,0.0,0.0,0.0,0.0,0.0,0.0,0.0,0.0,0.0,0.0,0.0,0.0,0.0,0.0,0.0,0.0,0.0,0.0,0.0,0.0,0.0,0.0,0.0,0.0,0.0
Rita skeeter,5,0.0,0.0,0.0,0.0,0.0,0.0,0.0,0.0,0.0,0.0,0.0,0.0,0.0,0.0,0.0,7.53333334128062,0.0,0.0,0.0,0.0,0.0,0.0,0.0,0.0,0.0,0.0,0.0,0.0,0.0,0.0,0.0,6.460194175683179,0.0,0.0,0.0,0.0,0.0,0.0,0.0,0.0,0.0,0.0,0.0,0.0,0.0,0.0,0.0,0.0,0.0,0.0,0.0,0.0,0.0,0.0,0.0,0.0,0.0,0.0,0.0,0.0,0.0,0.0,0.0,0.0,0.0,0.0,0.0,0.0,0.0,0.0,0.0,0.0,0.0
Sylwia,1,100.3473684215232,92.14999999850988,95.89999999850988,0.0,0.0,55.99999999254942,0.0,0.0,0.0,0.0,0.0,275.89000000059605,0.0,0.0,0.0,165.06153845787048,0.0,148.20000000298023,276.0000000014901,0.0,0.0,0.0,0.0,0.0,0.0,0.0,0.0,0.0,0.0,117.5,0.0,0.0,0.0,0.0,0.0,0.0,0.0,102.07499999552965,92.13333333532016,103.90000000099342,96.16666666666667,97.50000000248353,0.0,111.59999999403954,95.59999999403954,122.27999999821186,0.0,109.23333333432674,112.29999999701977,94.15000000223517,88.40000000596046,106.30000000074506,107.97500000149012,0.0,100.01250000111759,111.96666666368644,103.84999999900658,87.89999999602635,0.0,117.06666666517656,0.0,118.02857143112591,119.9777777824137,0.0,0.0,0.0,0.0,0.0,0.0,0.0,104.20000000298023,0.0,0.0
Sylwia,2,107.71578947493904,71.20000000298023,91.55000000447035,0.0,0.0,0.0,0.0,0.0,0.0,0.0,0.0,319.125,0.0,0.0,0.0,108.14999999850988,0.0,148.04999999701977,317.7749999985099,0.0,0.0,0.0,0.0,0.0,0.0,0.0,0.0,0.0,0.0,0.0,0.0,0.0,0.0,0.0,0.0,0.0,0.0,119.1600000038743,89.60000000149012,128.09999999403954,105.53333333134651,107.55555555224419,87.34999999403954,96.96666666865349,93.79999999701977,102.53333333383004,104.09999999403954,96.2714285744088,102.23333333432674,106.89999999850988,107.10000000149012,134.19999999801317,120.25,105.5,100.57142857568604,111.96666666368644,96.67142856972558,91.09999999403954,93.09999999403954,120.2333333293597,0.0,96.23333333432674,122.85999999642372,0.0,0.0,0.0,0.0,145.20000000298023,0.0,0.0,88.29999999701977,0.0,0.0
Sylwia,3,100.14615384317361,95.5,88.09999999403954,0.0,0.0,0.0,40.5,0.0,0.0,0.0,0.0,249.77499999850988,0.0,0.0,0.0,92.00000000248353,0.0,134.95000000298023,249.89999999850988,0.0,0.0,0.0,0.0,0.0,0.0,0.0,0.0,0.0,0.0,0.0,0.0,0.0,0.0,0.0,0.0,0.0,0.0,123.05714285799435,0.0,101.94999999925494,95.79999999701977,104.7,0.0,101.80000000695388,0.0,102.66363636336543,101.0,93.45000000298023,100.09999999900658,72.09999999403954,106.37777777844005,165.66666666666666,125.27500000223517,0.0,83.80000000447035,96.83333333830039,88.09999999776483,92.39999999850988,0.0,102.63333333532016,0.0,104.7800000011921,111.78333333631356,0.0,0.0,0.0,0.0,0.0,0.0,0.0,92.04999999701977,0.0,0.0
Sylwia,4,125.40000000170299,103.5,151.5,0.0,0.0,0.0,0.0,0.0,0.0,0.0,0.0,385.6000000014901,0.0,0.0,0.0,111.97499999403954,0.0,134.79999999701977,385.80000000447035,177.79999999701977,0.0,0.0,0.0,0.0,0.0,0.0,95.70000000298023,127.59999999403954,0.0,0.0,105.20000000298023,0.0,177.0,111.0,0.0,0.0,0.0,130.47500000149012,95.0,128.0,107.5,121.15000000347693,0.0,0.0,0.0,114.28181818127632,104.0,92.39999999850988,111.20000000298023,110.6000000089407,115.70000000298023,106.96666667113702,128.23333333432674,0.0,98.1333333303531,137.65000000223517,95.3199999988079,95.43333333233993,0.0,114.77500000596046,0.0,131.13333333532015,126.27999999821186,0.0,0.0,0.0,0.0,0.0,0.0,0.0,0.0,0.0,0.0
Sylwia,5,114.21875,0.0,167.79999999701977,0.0,0.0,0.0,0.0,0.0,0.0,0.0,0.0,0.0,0.0,0.0,0.0,0.0,0.0,147.89999999850988,0.0,0.0,0.0,0.0,0.0,0.0,0.0,0.0,0.0,0.0,0.0,0.0,0.0,0.0,0.0,0.0,0.0,0.0,0.0,135.9000000009934,112.1000000089407,122.44999999925494,107.79999999701977,116.97777777744665,117.84999999403954,100.5,115.55000000074506,111.875,0.0,0.0,120.1499999910593,102.19999999552965,109.04999999701977,118.125,151.20000000298023,0.0,93.51666666815679,130.07500000298023,114.2699999973178,96.46666666865349,103.8999999910593,103.6000000089407,0.0,109.3666666696469,0.0,0.0,0.0,0.0,0.0,0.0,0.0,0.0,0.0,0.0,0.0
Ulung,1,24.764705882354225,30.0,36.0,0.0,0.0,0.0,0.0,31.999999999992724,0.0,0.0,0.0,0.0,0.0,0.0,0.0,16.500000000003638,0.0,0.0,0.0,0.0,0.0,0.0,0.0,0.0,0.0,0.0,0.0,0.0,0.0,0.0,0.0,0.0,0.0,0.0,21.0,0.0,0.0,14.41666666666606,10.0,10.999999999992724,15.5,15.125000000001819,0.0,18.5,0.0,12.874999999998181,14.0,17.666666666666668,11.666666666661817,11.5,15.666666666666666,12.777777777778587,17.0,0.0,17.999999999996362,11.2,13.4,18.0,0.0,15.999999999992724,0.0,15.999999999996362,15.2,0.0,0.0,0.0,0.0,0.0,19.5,0.0,0.0,0.0,18.0
Ulung,2,21.37500000000182,22.000000000014552,19.0,0.0,0.0,0.0,0.0,0.0,0.0,0.0,0.0,0.0,0.0,0.0,0.0,18.750000000003638,0.0,0.0,0.0,0.0,0.0,0.0,0.0,0.0,0.0,0.0,0.0,0.0,0.0,0.0,0.0,0.0,29.0,0.0,0.0,0.0,0.0,12.727272727275373,9.0,13.19999999999709,18.333333333333332,11.666666666669093,0.0,18.0,12.999999999992724,14.714285714285714,15.0,14.750000000003638,13.333333333333334,17.0,12.666666666666666,14.454545454544132,16.500000000007276,0.0,10.75,12.5,11.000000000007276,11.000000000014552,0.0,15.75,0.0,16.000000000003638,13.250000000003638,0.0,0.0,26.0,0.0,0.0,18.0,0.0,0.0,0.0,0.0
Ulung,3,21.53846153846154,39.0,20.0,0.0,0.0,0.0,0.0,0.0,0.0,0.0,0.0,0.0,0.0,0.0,0.0,19.500000000014552,0.0,0.0,0.0,0.0,0.0,0.0,0.0,0.0,0.0,0.0,0.0,0.0,30.999999999970896,0.0,0.0,0.0,0.0,0.0,0.0,0.0,0.0,14.750000000001819,0.0,15.999999999996362,14.0,13.29999999999709,0.0,23.0,0.0,14.583333333330907,11.333333333333334,12.0,13.333333333333334,15.000000000029104,12.333333333331716,19.5,16.25,0.0,10.500000000014552,14.20000000000582,13.000000000003638,15.500000000007276,0.0,16.0,0.0,11.40000000000291,16.833333333340608,0.0,0.0,21.0,0.0,0.0,0.0,0.0,0.0,0.0,0.0
Ulung,4,23.666666666666668,0.0,18.999999999970896,0.0,0.0,0.0,0.0,0.0,0.0,0.0,0.0,0.0,0.0,0.0,0.0,13.5,37.999999999970896,0.0,0.0,0.0,0.0,0.0,0.0,0.0,0.0,0.0,0.0,0.0,0.0,0.0,0.0,0.0,0.0,0.0,0.0,0.0,0.0,16.8,13.5,16.166666666666668,12.0,14.923076923079162,15.000000000014552,10.0,13.0,12.833333333338183,0.0,0.0,13.599999999994179,16.0,16.333333333333332,12.624999999992724,14.333333333343035,0.0,14.16666666665939,14.571428571428571,14.714285714289872,16.39999999999418,14.0,16.5,0.0,11.000000000029104,15.0,0.0,0.0,0.0,0.0,0.0,0.0,0.0,0.0,0.0,0.0
Ulung,5,30.555555555562023,0.0,37.0,0.0,0.0,0.0,0.0,0.0,0.0,0.0,0.0,0.0,0.0,0.0,0.0,11.625000000005457,81.0,0.0,0.0,0.0,0.0,0.0,0.0,0.0,0.0,0.0,0.0,0.0,0.0,364.0,0.0,0.0,0.0,0.0,0.0,0.0,0.0,14.428571428563114,17.00000000001746,15.249999999996362,8.999999999970896,13.299999999985449,13.9999999999903,15.5,13.0000000000097,15.454545454558684,0.0,12.999999999970896,12.857142857142858,15.0,15.0000000000097,14.5,14.999999999985448,0.0,13.49999999999709,14.250000000007276,14.818181818189755,14.833333333328483,14.000000000029104,16.0,0.0,12.857142857142858,0.0,0.0,0.0,0.0,0.0,0.0,0.0,0.0,0.0,0.0,0.0
